,County,State,Total infections,Density
0,Autauga County,Alabama,2871893,35.85341899
1,Baldwin County,Alabama,9751057,50.54150356
2,Barbour County,Alabama,983791,11.24798121
3,Bibb County,Alabama,1144559,13.973114
4,Blount County,Alabama,2851498,34.51581642
5,Bullock County,Alabama,475274,6.41761955
6,Butler County,Alabama,922146,9.952770785
7,Calhoun County,Alabama,6084005,73.348688
8,Chambers County,Alabama,1550459,21.89263808
9,Cherokee County,Alabama,818383,18.0333283
10,Chilton County,Alabama,1842132,24.48066939
11,Choctaw County,Alabama,249429,5.526508604
12,Clarke County,Alabama,1417386,7.603131652
13,Clay County,Alabama,663867,8.552331345
14,Cleburne County,Alabama,650656,10.29735391
15,Coffee County,Alabama,2469979,29.16467291
16,Colbert County,Alabama,2606641,35.49694998
17,Conecuh County,Alabama,498349,5.682995171
18,Coosa County,Alabama,458558,6.438885282
19,Covington County,Alabama,1827503,13.99370346
20,Crenshaw County,Alabama,670463,8.792273306
21,Cullman County,Alabama,4201094,43.25267563
22,Dale County,Alabama,2269751,33.89312549
23,Dallas County,Alabama,1467657,15.79103338
24,DeKalb County,Alabama,3675024,35.37577983
25,Elmore County,Alabama,4264786,50.70144021
26,Escambia County,Alabama,1786843,15.24764898
27,Etowah County,Alabama,5736968,74.25054812
28,Fayette County,Alabama,876518,10.20180135
29,Franklin County,Alabama,1762598,19.21135615
30,Geneva County,Alabama,1164739,17.80431585
31,Greene County,Alabama,374637,5.028100131
32,Hale County,Alabama,902532,8.925557001
33,Henry County,Alabama,842951,11.76966574
34,Houston County,Alabama,4683928,69.48209266
35,Jackson County,Alabama,2844462,18.65848284
36,Jefferson County,Alabama,32568354,229.2513381
37,Lamar County,Alabama,615842,8.894097028
38,Lauderdale County,Alabama,3992566,53.51282236
39,Lawrence County,Alabama,1270211,18.54305046
40,Lee County,Alabama,6743546,101.2278644
41,Limestone County,Alabama,4264342,64.16149688
42,Lowndes County,Alabama,543135,5.520435979
43,Macon County,Alabama,658953,12.08354055
44,Madison County,Alabama,14590548,172.2275
45,Marengo County,Alabama,1002153,7.722101608
46,Marion County,Alabama,1369746,15.58520673
47,Marshall County,Alabama,5155981,64.92182299
48,Mobile County,Alabama,18725168,130.2299289
49,Monroe County,Alabama,834285,8.097965626
50,Montgomery County,Alabama,9945480,111.5782173
51,Morgan County,Alabama,6037340,79.38223066
52,Perry County,Alabama,429730,5.089327131
53,Pickens County,Alabama,950324,8.891346444
54,Pike County,Alabama,1334994,19.18998514
55,Randolph County,Alabama,826819,15.0131423
56,Russell County,Alabama,1852091,35.05587426
57,St. Clair County,Alabama,4309243,53.370584
58,Shelby County,Alabama,10364011,103.8590388
59,Sumter County,Alabama,412158,5.547014404
60,Talladega County,Alabama,3610462,42.21915736
61,Tallapoosa County,Alabama,1803285,21.89695846
62,Tuscaloosa County,Alabama,10376011,60.27841134
63,Walker County,Alabama,3103828,31.4801768
64,Washington County,Alabama,711906,5.948771806
65,Wilcox County,Alabama,506334,4.69736954
66,Winston County,Alabama,1212451,15.03833828
67,Apache County,Arizona,4388287,2.466163547
68,Cochise County,Arizona,4798914,7.909160031
69,Coconino County,Arizona,7030273,2.907730578
70,Gila County,Arizona,2860459,4.333306678
71,Graham County,Arizona,2250912,3.163771078
72,Greenlee County,Arizona,278063,1.992160031
73,La Paz County,Arizona,975907,1.776302238
74,Maricopa County,Arizona,220139589,178.541174
75,Mohave County,Arizona,9545408,5.977113496
76,Navajo County,Arizona,6586986,4.218261644
77,Pima County,Arizona,45201617,42.8548311
78,Pinal County,Arizona,21305250,30.20127807
79,Santa Cruz County,Arizona,3038256,14.54108112
80,Yavapai County,Arizona,8116932,10.67714706
81,Yuma County,Arizona,13964466,14.55270217
82,Arkansas County,Arkansas,940605,7.077235454
83,Ashley County,Arkansas,857506,8.568999577
84,Baxter County,Arkansas,1539089,28.71527107
85,Benton County,Arkansas,12151991,117.9774558
86,Boone County,Arkansas,1720368,24.40204536
87,Bradley County,Arkansas,579529,6.510797369
88,Carroll County,Arkansas,1218237,17.09180309
89,Chicot County,Arkansas,636823,6.48720534
90,Clark County,Arkansas,910882,9.979357949
91,Cleveland County,Arkansas,403470,5.313083763
92,Columbia County,Arkansas,970017,12.04300901
93,Conway County,Arkansas,922335,14.61617031
94,Craighead County,Arkansas,5926429,57.70123977
95,Crawford County,Arkansas,3002705,40.79968711
96,Crittenden County,Arkansas,2519893,31.00606806
97,Cross County,Arkansas,834925,10.64756188
98,Desha County,Arkansas,558977,5.974983295
99,Drew County,Arkansas,840830,8.623895565
100,Faulkner County,Arkansas,5476076,72.94679147
101,Fulton County,Arkansas,494756,7.581608118
102,Garland County,Arkansas,4423320,55.99985179
103,Grant County,Arkansas,766712,11.05241582
104,Hempstead County,Arkansas,835836,11.68517302
105,Hot Spring County,Arkansas,2179675,21.03703075
106,Howard County,Arkansas,691068,8.78324092
107,Independence County,Arkansas,1723183,18.83321817
108,Izard County,Arkansas,727464,9.017189389
109,Johnson County,Arkansas,1257791,15.38292036
110,Lafayette County,Arkansas,233455,5.053796893
111,Lincoln County,Arkansas,1225952,9.416005919
112,Little River County,Arkansas,544500,9.007542588
113,Logan County,Arkansas,981788,11.86296384
114,Lonoke County,Arkansas,3253803,36.16397177
115,Miller County,Arkansas,1801422,27.00125271
116,Mississippi County,Arkansas,2412544,18.36285781
117,Nevada County,Arkansas,366920,5.274363826
118,Newton County,Arkansas,327788,3.691189254
119,Ouachita County,Arkansas,980100,12.70141532
120,Phillips County,Arkansas,834068,10.56464774
121,Poinsett County,Arkansas,1376402,12.24652429
122,Polk County,Arkansas,833229,9.076778703
123,Pope County,Arkansas,3400173,30.24304863
124,Prairie County,Arkansas,372794,4.912934335
125,Pulaski County,Arkansas,16818166,200.1765891
126,St. Francis County,Arkansas,1449212,15.99262769
127,Saline County,Arkansas,5216718,62.97248504
128,Scott County,Arkansas,436205,4.518266116
129,Searcy County,Arkansas,334496,4.592572331
130,Sebastian County,Arkansas,6399608,92.52384261
131,Sevier County,Arkansas,1140087,11.74641335
132,Sharp County,Arkansas,751276,10.88689047
133,Stone County,Arkansas,467547,7.924463969
134,Union County,Arkansas,1650056,14.76172209
135,Van Buren County,Arkansas,587094,9.076268141
136,White County,Arkansas,3582199,29.39513161
137,Woodruff County,Arkansas,289720,4.382376797
138,Yell County,Arkansas,1389715,8.954998447
139,Alameda County,California,35695328,860.7570749
140,Alpine County,California,33141,0.599280666
141,Amador County,California,1541504,24.56534526
142,Butte County,California,5883112,53.57515906
143,Calaveras County,California,992460,17.12260581
144,Colusa County,California,909909,7.201880119
145,Contra Costa County,California,28657017,610.1802904
146,Del Norte County,California,775491,10.52293111
147,El Dorado County,California,4546801,42.19958001
148,Fresno County,California,42503396,63.38567736
149,Glenn County,California,1211583,8.197380559
150,Humboldt County,California,2116420,14.69107797
151,Imperial County,California,11412161,16.65999073
152,Inyo County,California,587427,0.685856011
153,Kern County,California,43754546,41.92545231
154,Kings County,California,9569456,41.67726795
155,Lake County,California,1652721,19.71137641
156,Lassen County,California,2294453,2.651421461
157,Los Angeles County,California,477580584,960.7427779
158,Madera County,California,6900034,28.00789771
159,Marin County,California,5530026,193.1005061
160,Mariposa County,California,273838,4.674251881
161,Mendocino County,California,1954987,9.626461049
162,Merced County,California,12667978,53.67222176
163,Modoc County,California,227443,0.881376109
164,Mono County,California,511854,1.794895517
165,Monterey County,California,16626806,50.96841445
166,Napa County,California,3890941,72.50862772
167,Orange County,California,104235810,1541.02667
168,Placer County,California,10313825,104.2928314
169,Plumas County,California,368316,2.827868464
170,Riverside County,California,117231314,127.6881106
171,Sacramento County,California,44494037,603.8906191
172,San Benito County,California,2351270,16.52008807
173,San Bernardino County,California,115185345,41.10128555
174,San Diego County,California,114366289,302.9941503
175,San Francisco County,California,15605007,7168.190471
176,San Joaquin County,California,29984541,203.0389818
177,San Luis Obispo County,California,8673009,32.9240586
178,San Mateo County,California,16575122,659.1746544
179,Santa Barbara County,California,13599757,62.63967412
180,Santa Clara County,California,45796345,574.8383699
181,Shasta County,California,5889799,18.31466417
182,Sierra County,California,36636,1.186862083
183,Siskiyou County,California,1071674,2.677418441
184,Solano County,California,13424900,206.0444057
185,Sonoma County,California,12271497,122.8269245
186,Stanislaus County,California,25099534,139.1865627
187,Sutter County,California,3965815,61.43488729
188,Tehama County,California,2359618,8.296818814
189,Trinity County,California,190410,1.562009465
190,Tulare County,California,22151859,36.85265632
191,Tuolumne County,California,1881884,9.376087587
192,Ventura County,California,31555064,177.7279193
193,Yolo County,California,5812635,81.79800558
194,Yuba County,California,2790205,46.11910409
195,Adams County,Colorado,23263179,164.5753082
196,Alamosa County,Colorado,670466,8.78669511
197,Arapahoe County,Colorado,24018679,308.0717154
198,Archuleta County,Colorado,409184,3.691471259
199,Baca County,Colorado,129505,0.538428946
200,Bent County,Colorado,572185,1.482547663
201,Boulder County,Colorado,9175822,170.6435299
202,Broomfield County,Colorado,1918349,773.5251676
203,Chaffee County,Colorado,677736,7.301362223
204,Cheyenne County,Colorado,54434,0.442710949
205,Clear Creek County,Colorado,200899,9.163100806
206,Conejos County,Colorado,262180,2.441785257
207,Costilla County,Colorado,99279,1.159633689
208,Crowley County,Colorado,799488,2.760578135
209,Custer County,Colorado,94556,2.42546915
210,Delta County,Colorado,1143840,10.25862867
211,Denver County,Colorado,27901104,1746.533667
212,Dolores County,Colorado,50424,0.666073672
213,Douglas County,Colorado,11641312,151.0009727
214,Eagle County,Colorado,2453675,12.45931034
215,Elbert County,Colorado,719801,5.249033937
216,El Paso County,Colorado,27926272,124.925569
217,Fremont County,Colorado,2520812,11.83731376
218,Garfield County,Colorado,2356493,7.667957958
219,Gilpin County,Colorado,111263,15.2590355
220,Grand County,Colorado,587197,3.150392993
221,Gunnison County,Colorado,534614,1.971192463
222,Hinsdale County,Colorado,12351,0.303426738
223,Huerfano County,Colorado,176849,1.597522272
224,Kiowa County,Colorado,47230,0.316472037
225,Kit Carson County,Colorado,267318,1.364245023
226,La Plata County,Colorado,1621827,12.59013432
227,Larimer County,Colorado,10786364,50.29906087
228,Las Animas County,Colorado,499941,1.146996368
229,Mesa County,Colorado,6648679,17.39732685
230,Mineral County,Colorado,35889,0.36284133
231,Moffat County,Colorado,439857,1.063089924
232,Montezuma County,Colorado,862968,4.929472968
233,Montrose County,Colorado,1533978,7.110239919
234,Otero County,Colorado,812907,5.606676985
235,Ouray County,Colorado,121654,3.366318394
236,Park County,Colorado,348588,3.060796323
237,Pitkin County,Colorado,959750,7.123409994
238,Prowers County,Colorado,503342,2.840156146
239,Pueblo County,Colorado,7407734,26.6484169
240,Rio Blanco County,Colorado,258759,0.774968455
241,Rio Grande County,Colorado,379135,4.805762482
242,Routt County,Colorado,926053,4.065971747
243,Saguache County,Colorado,175876,0.78815115
244,San Juan County,Colorado,23576,0.542015888
245,San Miguel County,Colorado,349858,2.390921614
246,Sedgwick County,Colorado,90712,1.655606826
247,Summit County,Colorado,1444697,19.31275691
248,Teller County,Colorado,742098,16.71340388
249,Weld County,Colorado,13016269,28.58676378
250,Fairfield County,Connecticut,36068623,583.4165304
251,Hartford County,Connecticut,31033502,470.033815
252,Litchfield County,Connecticut,5336674,76.77098216
253,Middlesex County,Connecticut,4698053,170.7988153
254,New Haven County,Connecticut,33198187,548.8569872
255,New London County,Connecticut,8486027,156.0796361
256,Tolland County,Connecticut,3542027,142.3296361
257,Windham County,Connecticut,4106360,87.72291173
258,Kent County,Delaware,7168963,115.2242931
259,New Castle County,Delaware,24044795,502.7696186
260,Sussex County,Delaware,10208774,90.54899837
261,Alachua County,Florida,10675761,116.1122104
262,Baker County,Florida,1592590,18.33099273
263,Bay County,Florida,8646688,92.88574252
264,Bradford County,Florida,1389762,35.43517528
265,Brevard County,Florida,19568267,219.3764634
266,Broward County,Florida,98364378,612.6877168
267,Charlotte County,Florida,5791527,100.3107253
268,Citrus County,Florida,5087591,94.93927794
269,Collier County,Florida,15181981,70.38522842
270,DeSoto County,Florida,1837118,22.07300896
271,Dixie County,Florida,742947,9.000593262
272,Duval County,Florida,43989097,467.7286986
273,Flagler County,Florida,3460801,85.26646662
274,Gadsden County,Florida,2426890,34.41309565
275,Gilchrist County,Florida,760829,19.44892619
276,Glades County,Florida,404759,6.396443472
277,Gulf County,Florida,835383,11.20100125
278,Hamilton County,Florida,726636,10.72301185
279,Hardee County,Florida,1490109,16.48852955
280,Hendry County,Florida,2091613,13.3997
281,Hernando County,Florida,6744270,149.2023044
282,Highlands County,Florida,3891452,38.75140638
283,Hillsborough County,Florida,61389243,521.0066098
284,Holmes County,Florida,1010743,15.66641222
285,Indian River County,Florida,5644722,115.9449839
286,Leon County,Florida,13674816,166.8139264
287,Levy County,Florida,1657901,13.79768236
288,Liberty County,Florida,485005,3.865349802
289,Manatee County,Florida,16731595,194.2390085
290,Martin County,Florida,5343764,111.8867742
291,Miami-Dade County,Florida,195254134,552.1870708
292,Nassau County,Florida,3875143,47.960964
293,Okaloosa County,Florida,9033461,83.31780277
294,Okeechobee County,Florida,1846253,20.37434037
295,Osceola County,Florida,19081389,98.47136801
296,Palm Beach County,Florida,60780494,284.088504
297,Pasco County,Florida,19186152,264.0275519
298,Pinellas County,Florida,34649877,1351.009895
299,Putnam County,Florida,3121427,38.59923128
300,St. Johns County,Florida,10368971,151.366953
301,St. Lucie County,Florida,12006725,206.3889596
302,Santa Rosa County,Florida,8268141,65.00332156
303,Sarasota County,Florida,14172971,285.7580921
304,Seminole County,Florida,15546814,567.9030651
305,Suwannee County,Florida,2415552,24.63015902
306,Taylor County,Florida,1211285,8.177839655
307,Volusia County,Florida,19242947,184.9915148
308,Wakulla County,Florida,1604519,20.2958573
309,Walton County,Florida,3212274,24.50311443
310,Appling County,Georgia,974165,14.01828756
311,Atkinson County,Georgia,440713,9.311240898
312,Bacon County,Georgia,691730,15.26007768
313,Banks County,Georgia,769484,30.7975219
314,Barrow County,Georgia,4091042,184.3449202
315,Bartow County,Georgia,5881897,87.06431394
316,Ben Hill County,Georgia,903285,26.47984793
317,Berrien County,Georgia,870402,16.20197066
318,Bleckley County,Georgia,642316,22.84919033
319,Brantley County,Georgia,772164,16.17660577
320,Brooks County,Georgia,630602,12.23231715
321,Bryan County,Georgia,1617530,31.66554713
322,Bulloch County,Georgia,2987259,42.71567016
323,Burke County,Georgia,1061008,10.52749269
324,Butts County,Georgia,1279891,49.92067542
325,Camden County,Georgia,1930896,32.29088126
326,Candler County,Georgia,424398,17.19879927
327,Catoosa County,Georgia,2648193,157.855196
328,Charlton County,Georgia,632705,6.425905488
329,Chatham County,Georgia,10151813,255.8861832
330,Chattahoochee County,Georgia,1636360,16.71307246
331,Chattooga County,Georgia,1218136,30.5811718
332,Clayton County,Georgia,10909081,759.4524648
333,Clinch County,Georgia,409530,3.194479252
334,Cobb County,Georgia,31580175,846.6897774
335,Colquitt County,Georgia,2060092,32.18979963
336,Cook County,Georgia,889568,29.06445414
337,Coweta County,Georgia,5835887,123.0428652
338,Crisp County,Georgia,873311,32.35111079
339,Dade County,Georgia,599636,36.01155909
340,Dawson County,Georgia,1289266,43.69808396
341,Decatur County,Georgia,1278187,17.34890996
342,Dodge County,Georgia,956723,16.28549963
343,Dooly County,Georgia,452029,13.67379756
344,Dougherty County,Georgia,3293319,106.9675386
345,Early County,Georgia,511977,7.794360252
346,Echols County,Georgia,204302,3.668091972
347,Effingham County,Georgia,2169037,47.32731502
348,Emanuel County,Georgia,1154484,12.76414276
349,Evans County,Georgia,432421,22.64537743
350,Fannin County,Georgia,1018221,24.86526439
351,Floyd County,Georgia,5034861,73.327379
352,Forsyth County,Georgia,9385070,378.0699634
353,Gilmer County,Georgia,1271017,27.10603808
354,Glascock County,Georgia,113664,8.082208149
355,Glynn County,Georgia,3823501,77.27916697
356,Gordon County,Georgia,3278317,61.62118087
357,Grady County,Georgia,960818,21.17483154
358,Gwinnett County,Georgia,39630372,809.1434093
359,Habersham County,Georgia,2143926,61.77157867
360,Hall County,Georgia,11104455,192.5293528
361,Hancock County,Georgia,356172,6.995568868
362,Haralson County,Georgia,1086854,39.6220831
363,Harris County,Georgia,1057154,27.95999603
364,Hart County,Georgia,993707,42.57866856
365,Heard County,Georgia,387443,15.23138636
366,Irwin County,Georgia,406602,10.09811305
367,Jasper County,Georgia,588985,14.44602729
368,Jeff Davis County,Georgia,807581,17.49091774
369,Jenkins County,Georgia,347522,9.812495124
370,Jones County,Georgia,894315,27.98010351
371,Lanier County,Georgia,367738,20.36437069
372,Laurens County,Georgia,2456250,22.6783855
373,Long County,Georgia,417185,17.50796876
374,Lumpkin County,Georgia,1296482,43.60027534
375,McDuffie County,Georgia,1005830,32.23819688
376,McIntosh County,Georgia,407611,12.63872337
377,Meriwether County,Georgia,833509,16.26375695
378,Mitchell County,Georgia,906601,16.91088273
379,Murray County,Georgia,2057520,44.33472499
380,Muscogee County,Georgia,6745232,350.8393599
381,Oconee County,Georgia,1624046,77.53671083
382,Oglethorpe County,Georgia,614217,13.00073608
383,Paulding County,Georgia,6946601,192.6729203
384,Peach County,Georgia,1119628,69.28779256
385,Pierce County,Georgia,1116386,21.73383004
386,Quitman County,Georgia,70082,5.810523669
387,Rabun County,Georgia,716341,17.16668982
388,Richmond County,Georgia,9994906,239.8436152
389,Rockdale County,Georgia,3158053,264.7460085
390,Schley County,Georgia,162851,12.05448566
391,Screven County,Georgia,454579,8.364521574
392,Spalding County,Georgia,2727769,127.5010942
393,Stephens County,Georgia,1316770,55.33657684
394,Stewart County,Georgia,409083,5.085203438
395,Talbot County,Georgia,203717,6.292033252
396,Taliaferro County,Georgia,48880,3.303368003
397,Tattnall County,Georgia,1022380,20.35864747
398,Telfair County,Georgia,586615,14.22805918
399,Terrell County,Georgia,339961,10.18791475
400,Thomas County,Georgia,2019998,31.7114458
401,Tift County,Georgia,2217813,59.94980729
402,Toombs County,Georgia,1481230,28.68971257
403,Towns County,Georgia,504854,26.48100906
404,Treutlen County,Georgia,354340,13.12026026
405,Troup County,Georgia,3113393,65.07102644
406,Turner County,Georgia,453697,10.77078095
407,Twiggs County,Georgia,300646,8.902957893
408,Upson County,Georgia,1480259,31.29241612
409,Ware County,Georgia,2083887,15.28610844
410,Warren County,Georgia,217707,7.258817371
411,Wayne County,Georgia,1549913,17.90377435
412,Webster County,Georgia,65427,4.818979543
413,Wheeler County,Georgia,270263,10.3735147
414,Whitfield County,Georgia,6745393,138.0549123
415,Wilkes County,Georgia,439982,8.128280055
416,Wilkinson County,Georgia,405343,7.802589675
417,Worth County,Georgia,801643,13.97434093
418,Hawaii County,Hawaii,2066876,18.94430327
419,Honolulu County,Hawaii,13406440,634.9517851
420,Kalawao County,Hawaii,365,2.414867625
421,Kauai County,Hawaii,405815,44.45801384
422,Maui County,Hawaii,2192940,54.94076903
423,Ada County,Idaho,21853656,163.7075373
424,Bannock County,Idaho,3632528,29.5228912
425,Bear Lake County,Idaho,173239,2.359204372
426,Benewah County,Idaho,318048,4.515359408
427,Bingham County,Idaho,1932572,8.399768947
428,Blaine County,Idaho,914484,3.219398972
429,Boise County,Idaho,173063,1.455945665
430,Bonner County,Idaho,1442919,9.514596564
431,Bonneville County,Idaho,5792701,23.25677336
432,Boundary County,Idaho,382524,3.514744341
433,Camas County,Idaho,29356,0.318446855
434,Canyon County,Idaho,11295034,139.5848719
435,Caribou County,Idaho,282382,1.514037097
436,Cassia County,Idaho,1167052,3.553855593
437,Clearwater County,Idaho,450375,1.357548779
438,Gem County,Idaho,759832,11.76165012
439,Gooding County,Idaho,584921,8.030460038
440,Idaho County,Idaho,566541,0.744058927
441,Jerome County,Idaho,1128653,15.14174383
442,Kootenai County,Idaho,7776107,47.91421073
443,Latah County,Idaho,1266366,14.08190883
444,Lemhi County,Idaho,229163,0.659734273
445,Lewis County,Idaho,191279,3.100451505
446,Minidoka County,Idaho,939016,10.51458226
447,Nez Perce County,Idaho,1611218,18.27603307
448,Oneida County,Idaho,149310,1.39311591
449,Owyhee County,Idaho,447075,0.576771202
450,Payette County,Idaho,1087356,21.86372277
451,Power County,Idaho,281169,2.12134991
452,Shoshone County,Idaho,507891,1.833726538
453,Teton County,Idaho,478240,9.525938818
454,Twin Falls County,Idaho,4190092,16.80980654
455,Valley County,Idaho,376210,1.09569475
456,Alexander County,Illinois,203922,10.7082503
457,Bond County,Illinois,804310,16.96523477
458,Brown County,Illinois,305300,8.431176356
459,Bureau County,Illinois,1429544,14.82995898
460,Cass County,Illinois,806112,13.01388792
461,Champaign County,Illinois,8240027,81.18425593
462,Christian County,Illinois,1539534,18.08415147
463,Clinton County,Illinois,2259796,30.65007094
464,Coles County,Illinois,2328315,39.29935727
465,Cumberland County,Illinois,541511,12.12707605
466,De Witt County,Illinois,617874,15.57998011
467,DuPage County,Illinois,34455069,1097.706801
468,Edgar County,Illinois,734920,10.86302996
469,Edwards County,Illinois,267322,11.29565936
470,Ford County,Illinois,730290,10.65286252
471,Gallatin County,Illinois,208833,6.164676977
472,Grundy County,Illinois,2291507,46.64480696
473,Hardin County,Illinois,166482,8.721837437
474,Henderson County,Illinois,214880,7.016907047
475,Iroquois County,Illinois,1258542,9.733358959
476,Jersey County,Illinois,1063887,23.07397937
477,Jo Daviess County,Illinois,703692,14.02907606
478,Kane County,Illinois,22048541,394.6365022
479,Kankakee County,Illinois,5544109,63.38660191
480,Kendall County,Illinois,5203238,150.2481058
481,Knox County,Illinois,2199684,27.48428763
482,LaSalle County,Illinois,4760363,37.54987471
483,Livingston County,Illinois,1849029,13.43849744
484,McDonough County,Illinois,1122006,20.22523095
485,McHenry County,Illinois,10999292,196.9447844
486,McLean County,Illinois,7004690,56.52329122
487,Macoupin County,Illinois,1987995,20.45636741
488,Mason County,Illinois,617916,9.864005992
489,Massac County,Illinois,587131,23.48666437
490,Menard County,Illinois,498243,15.18551962
491,Mercer County,Illinois,600922,10.79671493
492,Moultrie County,Illinois,676127,16.89759553
493,Ogle County,Illinois,2354126,26.1245481
494,Peoria County,Illinois,8412804,115.1201013
495,Piatt County,Illinois,612270,14.44259449
496,Richland County,Illinois,772557,17.0298773
497,Rock Island County,Illinois,5844865,131.2377894
498,Sangamon County,Illinois,7575823,87.89318766
499,Schuyler County,Illinois,312160,6.237462724
500,Stark County,Illinois,248912,7.372807136
501,Stephenson County,Illinois,1858879,31.07125531
502,Tazewell County,Illinois,6393882,79.94877325
503,Vermilion County,Illinois,4094078,33.70082419
504,Wabash County,Illinois,593804,20.0133439
505,Whiteside County,Illinois,2691714,31.82333406
506,Will County,Illinois,28912203,318.1154816
507,Williamson County,Illinois,3283717,61.84074421
508,Winnebago County,Illinois,12947874,215.2923728
509,Woodford County,Illinois,1790287,28.39687664
510,Allen County,Indiana,16906530,217.3430355
511,Bartholomew County,Indiana,3344324,77.70463936
512,Blackford County,Indiana,559285,28.36798485
513,Daviess County,Indiana,1286131,29.60963487
514,Dearborn County,Indiana,2389336,62.64777877
515,Delaware County,Indiana,4418554,113.8465819
516,Dubois County,Indiana,2486297,38.33111647
517,Elkhart County,Indiana,11243120,169.7260192
518,Fountain County,Indiana,940904,16.08752413
519,Gibson County,Indiana,1857203,26.61237944
520,Harrison County,Indiana,1823467,31.64581592
521,Hendricks County,Indiana,7067910,152.7163239
522,Huntington County,Indiana,1753840,36.70626238
523,Jay County,Indiana,826676,21.11313165
524,Jennings County,Indiana,1045219,28.42732454
525,Kosciusko County,Indiana,3793033,57.25465489
526,LaGrange County,Indiana,1087368,39.60594245
527,LaPorte County,Indiana,4638069,71.34668635
528,Miami County,Indiana,1654730,37.07835076
529,Noble County,Indiana,2352600,44.59381316
530,Ohio County,Indiana,239853,26.38409816
531,Owen County,Indiana,876698,20.9216928
532,Parke County,Indiana,646282,14.7560218
533,Porter County,Indiana,7209951,155.1921167
534,Posey County,Indiana,1120961,24.13447884
535,Ripley County,Indiana,1438341,24.58406455
536,Rush County,Indiana,769350,15.80268731
537,St. Joseph County,Indiana,13805707,227.030765
538,Spencer County,Indiana,966635,19.97423724
539,Starke County,Indiana,901368,28.65190254
540,Steuben County,Indiana,1621307,43.10708625
541,Sullivan County,Indiana,915373,17.95244612
542,Switzerland County,Indiana,357223,18.59635835
543,Tippecanoe County,Indiana,8748556,146.493852
544,Tipton County,Indiana,669632,22.55194746
545,Vanderburgh County,Indiana,9329876,299.58893
546,Vermillion County,Indiana,728540,23.38881211
547,Vigo County,Indiana,5115588,103.036695
548,Warrick County,Indiana,3261368,62.13523904
549,Wells County,Indiana,1220814,29.31479067
550,Whitley County,Indiana,1641402,38.71472137
551,Adair County,Iowa,334370,4.831782244
552,Allamakee County,Iowa,598122,8.386120959
553,Appanoose County,Iowa,528777,9.71289233
554,Audubon County,Iowa,204671,4.913426442
555,Black Hawk County,Iowa,6353486,90.75418035
556,Bremer County,Iowa,1124140,21.97208698
557,Buchanan County,Iowa,797599,14.28246931
558,Buena Vista County,Iowa,1618799,13.60661307
559,Cedar County,Iowa,747238,12.29012208
560,Cerro Gordo County,Iowa,2170704,29.2032628
561,Chickasaw County,Iowa,497696,9.262594494
562,Davis County,Iowa,339279,6.831137227
563,Des Moines County,Iowa,1903129,36.74252075
564,Dickinson County,Iowa,925003,17.30620856
565,Dubuque County,Iowa,5196804,61.44255068
566,Emmet County,Iowa,513548,9.315063516
567,Guthrie County,Iowa,476692,6.977844134
568,Ida County,Iowa,361776,6.188261505
569,Iowa County,Iowa,607698,10.67013973
570,Keokuk County,Iowa,399764,6.799743695
571,Kossuth County,Iowa,840922,5.983658257
572,Linn County,Iowa,8599663,119.5965626
573,Louisa County,Iowa,515377,10.7852898
574,Lucas County,Iowa,320401,7.708532684
575,Lyon County,Iowa,609033,7.732552439
576,Mahaska County,Iowa,944996,15.02034603
577,Mills County,Iowa,633501,13.20181439
578,Monona County,Iowa,330378,4.893087803
579,Muscatine County,Iowa,1887506,37.9089724
580,O'Brien County,Iowa,748706,9.373015524
581,Page County,Iowa,753314,11.08843544
582,Palo Alto County,Iowa,436118,6.200391523
583,Plymouth County,Iowa,1514280,11.20455973
584,Pocahontas County,Iowa,340198,4.613901338
585,Pottawattamie County,Iowa,4380048,37.9810442
586,Poweshiek County,Iowa,633810,12.28097258
587,Ringgold County,Iowa,215985,3.593542221
588,Sac County,Iowa,502313,6.625930765
589,Sioux County,Iowa,1923876,17.50981089
590,Story County,Iowa,4068614,65.34233437
591,Tama County,Iowa,825923,9.176343253
592,Wapello County,Iowa,1735153,31.57485744
593,Winneshiek County,Iowa,756122,11.41847033
594,Woodbury County,Iowa,5898763,45.29299731
595,Wright County,Iowa,742301,8.517437047
596,Anderson County,Kansas,340093,5.230212046
597,Atchison County,Kansas,682719,14.65251573
598,Barber County,Kansas,154361,1.611380319
599,Barton County,Kansas,1110704,11.5542922
600,Bourbon County,Kansas,650738,8.932705769
601,Chase County,Kansas,112358,1.321045619
602,Chautauqua County,Kansas,126473,2.034817149
603,Cloud County,Kansas,414787,4.890089966
604,Coffey County,Kansas,326363,5.109557631
605,Comanche County,Kansas,74890,0.871830565
606,Cowley County,Kansas,1644284,12.20689123
607,Doniphan County,Kansas,418429,7.590969279
608,Elk County,Kansas,80157,1.53538511
609,Ellis County,Kansas,1461343,12.38993784
610,Ellsworth County,Kansas,466799,3.395507757
611,Finney County,Kansas,2394862,10.95945138
612,Geary County,Kansas,1390827,35.02556585
613,Gove County,Kansas,153786,0.943579106
614,Gray County,Kansas,252259,2.682686448
615,Greeley County,Kansas,45772,0.595220999
616,Greenwood County,Kansas,266373,2.07892651
617,Harper County,Kansas,264937,2.733593392
618,Harvey County,Kansas,1495030,24.71813981
619,Haskell County,Kansas,172299,2.705629722
620,Hodgeman County,Kansas,79543,0.826984606
621,Jewell County,Kansas,104848,1.237263753
622,Kearny County,Kansas,235020,1.743915297
623,Kingman County,Kansas,325456,3.340637513
624,Labette County,Kansas,1111990,12.18442316
625,Lane County,Kansas,56262,0.883707806
626,Leavenworth County,Kansas,3018868,66.68979644
627,McPherson County,Kansas,1350914,12.30581098
628,Meade County,Kansas,205427,1.682047343
629,Morris County,Kansas,242984,3.090626674
630,Morton County,Kansas,109443,1.501591773
631,Nemaha County,Kansas,613433,5.43773105
632,Neosho County,Kansas,767501,10.89445191
633,Ness County,Kansas,150617,1.06158934
634,Norton County,Kansas,475530,2.412358825
635,Osage County,Kansas,549893,8.691733943
636,Osborne County,Kansas,123003,1.558657342
637,Ottawa County,Kansas,226185,3.161757751
638,Pawnee County,Kansas,456955,3.434292967
639,Pottawatomie County,Kansas,812174,10.81224348
640,Pratt County,Kansas,352105,5.033247832
641,Rawlins County,Kansas,142247,0.90584952
642,Reno County,Kansas,3464196,19.40502446
643,Republic County,Kansas,272486,2.522068827
644,Rice County,Kansas,437671,5.189969677
645,Riley County,Kansas,2557922,47.68079694
646,Rooks County,Kansas,256487,2.218990522
647,Seward County,Kansas,1545536,13.69716362
648,Shawnee County,Kansas,7340047,126.5335231
649,Sheridan County,Kansas,167905,1.079931148
650,Sherman County,Kansas,264948,2.181198713
651,Smith County,Kansas,114658,1.579395489
652,Stafford County,Kansas,161595,2.054217141
653,Stanton County,Kansas,80339,1.170759906
654,Stevens County,Kansas,244663,3.018694584
655,Sumner County,Kansas,916885,7.583249161
656,Trego County,Kansas,157920,1.240598197
657,Wabaunsee County,Kansas,281184,3.348043622
658,Wallace County,Kansas,75727,0.665582497
659,Wichita County,Kansas,88179,1.151483051
660,Wilson County,Kansas,430135,5.942943942
661,Woodson County,Kansas,102367,2.458613973
662,Wyandotte County,Kansas,8367735,418.4522062
663,Ballard County,Kentucky,177490,12.65273497
664,Barren County,Kentucky,2007539,34.5887888
665,Bath County,Kentucky,420727,16.98977355
666,Bell County,Kentucky,1418318,29.23546513
667,Boyd County,Kentucky,2207430,116.1466556
668,Boyle County,Kentucky,1462004,64.03928685
669,Bracken County,Kentucky,283047,15.81994256
670,Breathitt County,Kentucky,481862,10.28421391
671,Breckinridge County,Kentucky,639508,13.60626856
672,Bullitt County,Kentucky,3145090,103.2955927
673,Caldwell County,Kentucky,621765,14.25192729
674,Calloway County,Kentucky,1471308,38.88396268
675,Campbell County,Kentucky,3635379,235.395229
676,Carlisle County,Kentucky,190462,9.866558938
677,Carter County,Kentucky,1099301,25.73102982
678,Casey County,Kentucky,678250,13.72881922
679,Edmonson County,Kentucky,402316,15.45250458
680,Elliott County,Kentucky,395489,12.38625284
681,Estill County,Kentucky,531595,21.8349095
682,Fleming County,Kentucky,544630,16.03917638
683,Garrard County,Kentucky,691804,29.0761375
684,Graves County,Kentucky,1888132,26.09718483
685,Grayson County,Kentucky,1075905,20.21768556
686,Green County,Kentucky,578341,14.87858376
687,Greenup County,Kentucky,1634800,40.08840324
688,Harlan County,Kentucky,1301694,22.48991942
689,Hickman County,Kentucky,154478,7.279820792
690,Hopkins County,Kentucky,2060812,32.52551379
691,Jessamine County,Kentucky,2060199,117.5630452
692,Kenton County,Kentucky,6941436,396.7181937
693,Knott County,Kentucky,556709,17.03924339
694,Larue County,Kentucky,602306,20.89697527
695,Laurel County,Kentucky,3190935,53.53987233
696,Leslie County,Kentucky,474183,10.08662946
697,Letcher County,Kentucky,917323,25.90845342
698,McCracken County,Kentucky,2792090,101.3342058
699,McCreary County,Kentucky,899795,15.95325956
700,Magoffin County,Kentucky,503563,15.85496055
701,Menifee County,Kentucky,212291,12.14717282
702,Metcalfe County,Kentucky,475300,13.33542593
703,Muhlenberg County,Kentucky,1398886,25.67719612
704,Nelson County,Kentucky,2172522,41.97326654
705,Nicholas County,Kentucky,267194,14.04646094
706,Oldham County,Kentucky,3008625,134.8063456
707,Owsley County,Kentucky,231696,8.729023441
708,Pendleton County,Kentucky,483822,20.2274497
709,Powell County,Kentucky,597127,26.57916715
710,Robertson County,Kentucky,94768,8.280686349
711,Rockcastle County,Kentucky,740539,20.52438963
712,Rowan County,Kentucky,961859,33.80245019
713,Simpson County,Kentucky,865946,29.77797972
714,Todd County,Kentucky,478936,12.73252536
715,Trigg County,Kentucky,547668,12.54244908
716,Trimble County,Kentucky,310322,21.99016694
717,Wolfe County,Kentucky,265426,12.55259004
718,Androscoggin County,Maine,3006032,88.65336766
719,Aroostook County,Maine,925173,3.951100932
720,Kennebec County,Maine,2505969,54.09850381
721,Oxford County,Maine,1376560,10.65676782
722,Penobscot County,Maine,2760368,17.24666118
723,Piscataquis County,Maine,272711,1.646063948
724,Sagadahoc County,Maine,544141,53.63021744
725,Somerset County,Maine,977340,4.989161243
726,Waldo County,Maine,512886,20.84929659
727,York County,Maine,5050483,79.1261164
728,Allegany County,Maryland,2815447,65.82512308
729,Anne Arundel County,Maryland,16184326,528.4397218
730,Baltimore County,Maryland,23747267,534.0413784
731,Calvert County,Maryland,1642615,164.9551742
732,Caroline County,Maryland,917271,39.7352873
733,Cecil County,Maryland,2458924,114.3069038
734,Charles County,Maryland,4175851,132.9772265
735,Dorchester County,Maryland,1126697,23.03451107
736,Frederick County,Maryland,7450994,145.2537914
737,Garrett County,Maryland,867800,17.47424746
738,Harford County,Maryland,6125693,221.7271443
739,Prince George's County,Maryland,31463317,724.9258165
740,Queen Anne's County,Maryland,1149898,51.26963696
741,St. Mary's County,Maryland,2516875,120.0551638
742,Wicomico County,Maryland,3088101,105.3600627
743,Worcester County,Maryland,1445899,42.51432218
744,Barnstable County,Massachusetts,5227429,209.2848818
745,Berkshire County,Massachusetts,2566009,53.04016386
746,Bristol County,Massachusetts,25005281,390.1505028
747,Dukes County,Massachusetts,513344,64.7697872
748,Essex County,Massachusetts,36236112,612.3264362
749,Hampden County,Massachusetts,19641120,293.5650603
750,Hampshire County,Massachusetts,3448068,118.019676
751,Nantucket County,Massachusetts,575089,92.90351158
752,Norfolk County,Massachusetts,20245719,680.6297135
753,Suffolk County,Massachusetts,34240055,5248.519833
754,Alcona County,Michigan,285510,5.931269853
755,Alger County,Michigan,273797,3.879446925
756,Allegan County,Michigan,4209917,53.92102964
757,Alpena County,Michigan,881179,19.31776341
758,Antrim County,Michigan,624181,18.81251469
759,Arenac County,Michigan,464217,16.12227532
760,Baraga County,Michigan,379055,3.655915256
761,Barry County,Michigan,2222070,41.92435909
762,Benzie County,Michigan,489359,21.197698
763,Branch County,Michigan,2212970,33.22953627
764,Charlevoix County,Michigan,664850,24.31537847
765,Cheboygan County,Michigan,722400,13.74212731
766,Chippewa County,Michigan,2113142,9.372935438
767,Clare County,Michigan,977430,20.94547115
768,Eaton County,Michigan,3778781,73.26986942
769,Genesee County,Michigan,15211443,248.1385245
770,Gladwin County,Michigan,875300,19.45875815
771,Gogebic County,Michigan,554061,5.399860881
772,Grand Traverse County,Michigan,2492053,76.28762679
773,Gratiot County,Michigan,2620280,27.89690217
774,Hillsdale County,Michigan,1738622,29.58287449
775,Houghton County,Michigan,1237180,13.91206727
776,Huron County,Michigan,1424740,14.56719108
777,Ingham County,Michigan,9149487,201.0352465
778,Ionia County,Michigan,3473803,43.37072155
779,Iosco County,Michigan,782294,17.75237723
780,Iron County,Michigan,423417,3.712682017
781,Isabella County,Michigan,2402496,47.7151145
782,Kalamazoo County,Michigan,8581630,179.6764763
783,Kalkaska County,Michigan,447310,12.04569854
784,Keweenaw County,Michigan,72839,1.522643144
785,Lapeer County,Michigan,3484643,52.83187468
786,Leelanau County,Michigan,484024,24.06356429
787,Lenawee County,Michigan,4132655,50.7194931
788,Luce County,Michigan,489841,2.732980156
789,Mackinac County,Michigan,299362,4.087103862
790,Macomb County,Michigan,35883049,699.8635883
791,Manistee County,Michigan,732340,17.40261535
792,Marquette County,Michigan,2313609,14.28674789
793,Mecosta County,Michigan,1243701,30.0915382
794,Menominee County,Michigan,902594,8.592286346
795,Midland County,Michigan,2859409,62.36493775
796,Missaukee County,Michigan,522087,10.25845311
797,Montcalm County,Michigan,3033383,34.60108249
798,Montmorency County,Michigan,245529,6.540803771
799,Muskegon County,Michigan,6843733,132.5934611
800,Newaygo County,Michigan,1801454,22.15734823
801,Oakland County,Michigan,42988813,556.7798567
802,Oceana County,Michigan,1046649,18.95519222
803,Ogemaw County,Michigan,680796,14.33948507
804,Ontonagon County,Michigan,184263,1.757663769
805,Oscoda County,Michigan,251558,5.649489754
806,Otsego County,Michigan,871899,18.2897872
807,Presque Isle County,Michigan,386633,7.500864573
808,Roscommon County,Michigan,719694,17.73229412
809,Saginaw County,Michigan,8350552,92.98590075
810,Sanilac County,Michigan,1465516,16.59656849
811,Schoolcraft County,Michigan,188794,2.658521495
812,Shiawassee County,Michigan,2435306,49.80663028
813,Tuscola County,Michigan,2078602,25.55592587
814,Washtenaw County,Michigan,10064848,200.1470343
815,Wexford County,Michigan,1031061,22.629962
816,Aitkin County,Minnesota,548382,3.355774681
817,Anoka County,Minnesota,16326872,317.8925949
818,Becker County,Minnesota,1523010,9.915577814
819,Beltrami County,Minnesota,1747471,7.108971232
820,Big Stone County,Minnesota,237827,3.87977138
821,Blue Earth County,Minnesota,2922290,34.24424159
822,Carlton County,Minnesota,1380339,15.93174014
823,Carver County,Minnesota,4071596,109.4606279
824,Chisago County,Minnesota,2430798,50.92789964
825,Cottonwood County,Minnesota,623989,6.860833752
826,Crow Wing County,Minnesota,2680904,24.69495301
827,Dakota County,Minnesota,17626295,287.0862611
828,Faribault County,Minnesota,617207,7.530445672
829,Fillmore County,Minnesota,678054,9.363680281
830,Freeborn County,Minnesota,1392023,16.66426612
831,Goodhue County,Minnesota,1906340,23.57660276
832,Hennepin County,Minnesota,47554264,861.2850078
833,Hubbard County,Minnesota,803214,8.698506431
834,Isanti County,Minnesota,1667287,34.53384188
835,Itasca County,Minnesota,1752381,6.543269942
836,Kanabec County,Minnesota,572336,11.84603911
837,Kandiyohi County,Minnesota,2599318,20.65528477
838,Kittson County,Minnesota,189152,1.523938398
839,Koochiching County,Minnesota,375482,1.572662334
840,Lac qui Parle County,Minnesota,305523,3.418299557
841,Lake of the Woods County,Minnesota,128095,1.133137767
842,Le Sueur County,Minnesota,1149487,24.08072321
843,McLeod County,Minnesota,1715589,28.14346915
844,Mahnomen County,Minnesota,235290,3.810728538
845,Meeker County,Minnesota,1041332,14.65436517
846,Mille Lacs County,Minnesota,1220376,17.35546372
847,Morrison County,Minnesota,1646665,11.30721277
848,Mower County,Minnesota,1883128,21.49557969
849,Nicollet County,Minnesota,1281149,29.07368911
850,Nobles County,Minnesota,1567227,11.79157554
851,Norman County,Minnesota,232108,2.901554031
852,Olmsted County,Minnesota,5437458,90.43287249
853,Otter Tail County,Minnesota,2346874,11.35525316
854,Pennington County,Minnesota,616333,8.882049316
855,Pine County,Minnesota,1309184,7.969148816
856,Pipestone County,Minnesota,434633,7.625646039
857,Ramsey County,Minnesota,19903324,1373.486689
858,Red Lake County,Minnesota,166380,3.578797267
859,Redwood County,Minnesota,699981,6.737440087
860,Renville County,Minnesota,699272,5.782590878
861,Rock County,Minnesota,494805,7.533047083
862,Roseau County,Minnesota,816341,3.571336243
863,St. Louis County,Minnesota,7142605,12.36461145
864,Sherburne County,Minnesota,4589038,83.15061917
865,Sibley County,Minnesota,594409,9.777886502
866,Stearns County,Minnesota,8725973,45.09063611
867,Steele County,Minnesota,1607324,32.95902354
868,Swift County,Minnesota,419319,4.896789923
869,Traverse County,Minnesota,148251,2.245140892
870,Wabasha County,Minnesota,866219,15.87359205
871,Wadena County,Minnesota,664723,9.824684807
872,Waseca County,Minnesota,966071,17.15359088
873,Watonwan County,Minnesota,525510,9.740561887
874,Wilkin County,Minnesota,316051,3.261048572
875,Winona County,Minnesota,1860963,31.35532941
876,Yellow Medicine County,Minnesota,459221,5.019167855
877,Alcorn County,Mississippi,1456617,35.88420614
878,Amite County,Mississippi,546299,6.593508175
879,Attala County,Mississippi,930526,9.761341766
880,Bolivar County,Mississippi,1913070,14.35428471
881,Coahoma County,Mississippi,1205338,16.6338302
882,Copiah County,Mississippi,1258352,14.26663426
883,Forrest County,Mississippi,3526904,62.56364293
884,George County,Mississippi,1204208,19.12378631
885,Grenada County,Mississippi,1072336,19.46233744
886,Hinds County,Mississippi,8876753,107.3264588
887,Humphreys County,Mississippi,388275,7.877689387
888,Issaquena County,Mississippi,64381,1.241373363
889,Itawamba County,Mississippi,1296848,17.01531858
890,Kemper County,Mississippi,403776,5.093219192
891,Leake County,Mississippi,1145328,15.14873331
892,Leflore County,Mississippi,1407629,19.37028134
893,Neshoba County,Mississippi,1793088,19.89379786
894,Noxubee County,Mississippi,532457,6.014045636
895,Oktibbeha County,Mississippi,1985950,41.69167639
896,Panola County,Mississippi,1881989,19.2962311
897,Pearl River County,Mississippi,2247779,26.24515785
898,Pontotoc County,Mississippi,1836796,24.29022523
899,Prentiss County,Mississippi,1267462,23.5949236
900,Rankin County,Mississippi,5997305,75.29564324
901,Sharkey County,Mississippi,198846,4.03434357
902,Sunflower County,Mississippi,1316190,14.68138043
903,Tallahatchie County,Mississippi,699377,8.59369213
904,Tate County,Mississippi,1345901,27.17935372
905,Tippah County,Mississippi,1274526,18.54515252
906,Tishomingo County,Mississippi,983846,17.72437119
907,Tunica County,Mississippi,447405,8.636126794
908,Walthall County,Mississippi,587753,13.95663243
909,Yalobusha County,Mississippi,667644,10.26601327
910,Yazoo County,Mississippi,1282299,11.71024944
911,Andrew County,Missouri,787738,15.5313136
912,Audrain County,Missouri,1105253,14.35392985
913,Bates County,Missouri,600772,7.555966482
914,Bollinger County,Missouri,487773,7.673882055
915,Callaway County,Missouri,2140257,20.74470794
916,Cape Girardeau County,Missouri,3885477,52.27181693
917,Chariton County,Missouri,288510,3.878610694
918,Cole County,Missouri,3871447,75.67995645
919,Cooper County,Missouri,801665,12.04755146
920,Dent County,Missouri,482105,7.952232527
921,Dunklin County,Missouri,1222511,21.71187675
922,Gasconade County,Missouri,614124,10.9699606
923,Gentry County,Missouri,367876,5.236582122
924,Hickory County,Missouri,295286,9.069544684
925,Holt County,Missouri,185126,3.718385395
926,Howell County,Missouri,1568561,16.6982967
927,Laclede County,Missouri,1492608,17.92770478
928,McDonald County,Missouri,1143604,16.33712376
929,Maries County,Missouri,277393,6.509058175
930,Moniteau County,Missouri,763159,14.84578973
931,New Madrid County,Missouri,899900,10.19012491
932,Nodaway County,Missouri,1090562,9.926797763
933,Oregon County,Missouri,365404,5.23034364
934,Ozark County,Missouri,299754,4.786813376
935,Pemiscot County,Missouri,626721,13.34854591
936,Pettis County,Missouri,2171818,23.97969004
937,Phelps County,Missouri,1701695,25.74230576
938,Platte County,Missouri,1707243,90.89432517
939,Ralls County,Missouri,438484,8.397114239
940,Ray County,Missouri,827010,15.49338692
941,Reynolds County,Missouri,213258,3.015836521
942,Ste. Genevieve County,Missouri,726243,13.8234786
943,St. Francois County,Missouri,3562425,56.68575765
944,Scotland County,Missouri,119273,4.332410851
945,Shannon County,Missouri,268357,3.171679413
946,Stoddard County,Missouri,1145934,13.84160574
947,Taney County,Missouri,2473737,33.41085262
948,Texas County,Missouri,835063,8.419195202
949,Beaverhead County,Montana,389325,0.654314038
950,Big Horn County,Montana,980003,1.033353047
951,Broadwater County,Montana,214525,1.8891289
952,Carbon County,Montana,375240,1.988486632
953,Cascade County,Montana,3934605,11.6976558
954,Chouteau County,Montana,203811,0.562649284
955,Daniels County,Montana,79824,0.474634872
956,Deer Lodge County,Montana,450972,4.769393728
957,Fallon County,Montana,126863,0.676164257
958,Fergus County,Montana,464815,1.003042044
959,Flathead County,Montana,5160947,7.444166724
960,Glacier County,Montana,632840,1.766046266
961,Golden Valley County,Montana,24726,0.238021614
962,Granite County,Montana,92273,0.730775675
963,Hill County,Montana,852832,2.189293274
964,Judith Basin County,Montana,39423,0.402893841
965,Lewis and Clark County,Montana,2928594,7.488642018
966,McCone County,Montana,75763,0.238188064
967,Meagher County,Montana,63335,0.317680164
968,Missoula County,Montana,4032241,17.27000868
969,Musselshell County,Montana,155663,0.993063277
970,Petroleum County,Montana,5296,0.100745144
971,Pondera County,Montana,207565,1.43644547
972,Powder River County,Montana,61966,0.189527657
973,Ravalli County,Montana,1315684,6.766403778
974,Roosevelt County,Montana,640633,1.841367561
975,Rosebud County,Montana,488125,0.713128729
976,Sanders County,Montana,314130,1.611462735
977,Silver Bow County,Montana,1645342,18.72154978
978,Stillwater County,Montana,307428,2.022111715
979,Sweet Grass County,Montana,158791,0.760133429
980,Toole County,Montana,291087,1.00325234
981,Treasure County,Montana,24037,0.306812412
982,Wheatland County,Montana,73354,0.583300336
983,Wibaux County,Montana,48895,0.510539111
984,Yellowstone County,Montana,7533097,23.13797825
985,Antelope County,Nebraska,218724,2.869970753
986,Arthur County,Nebraska,8519,0.225609394
987,Banner County,Nebraska,14384,0.360122313
988,Box Butte County,Nebraska,403403,3.981695167
989,Buffalo County,Nebraska,2217484,19.55194317
990,Burt County,Nebraska,255185,5.127233038
991,Cherry County,Nebraska,133335,0.375076078
992,Colfax County,Nebraska,601224,10.09229052
993,Cuming County,Nebraska,397173,6.084652306
994,Dawes County,Nebraska,299054,2.459581421
995,Deuel County,Nebraska,48334,1.662557131
996,Dixon County,Nebraska,245183,4.659724922
997,Dundy County,Nebraska,71626,0.849301948
998,Frontier County,Nebraska,84746,1.033560721
999,Furnas County,Nebraska,197353,2.569606067
1000,Gage County,Nebraska,822930,9.792428628
1001,Garden County,Nebraska,51215,0.421092294
1002,Gosper County,Nebraska,73369,1.698105872
1003,Hayes County,Nebraska,23382,0.510607004
1004,Hitchcock County,Nebraska,103033,1.546165195
1005,Hooker County,Nebraska,21530,0.369954722
1006,Kearney County,Nebraska,258818,4.900290674
1007,Keith County,Nebraska,285072,2.945592319
1008,Keya Paha County,Nebraska,22061,0.395553506
1009,Kimball County,Nebraska,166678,1.487464399
1010,Lancaster County,Nebraska,12536755,142.9473945
1011,Loup County,Nebraska,16182,0.400818445
1012,Merrick County,Nebraska,312936,6.200975825
1013,Morrill County,Nebraska,213914,1.312734764
1014,Nance County,Nebraska,160801,3.10711532
1015,Nuckolls County,Nebraska,184796,2.869810904
1016,Otoe County,Nebraska,576543,9.968883881
1017,Perkins County,Nebraska,110507,1.270637464
1018,Red Willow County,Nebraska,490911,5.81894875
1019,Richardson County,Nebraska,294214,5.603593945
1020,Sarpy County,Nebraska,8687832,289.1498948
1021,Saunders County,Nebraska,976083,10.81906276
1022,Scotts Bluff County,Nebraska,1881700,18.93133088
1023,Thayer County,Nebraska,200172,3.430332655
1024,Thurston County,Nebraska,366022,7.00427631
1025,Churchill County,Nevada,946329,1.880169072
1026,Elko County,Nevada,2208578,1.175046521
1027,Esmeralda County,Nevada,16169,0.105744821
1028,Eureka County,Nevada,36365,0.169210084
1029,Lander County,Nevada,204092,0.404097487
1030,Nye County,Nevada,1263483,0.928097868
1031,Pershing County,Nevada,365745,0.422841718
1032,Storey County,Nevada,49486,5.76438581
1033,Washoe County,Nevada,18805857,27.60229777
1034,White Pine County,Nevada,292155,0.423622183
1035,Belknap County,New Hampshire,1696246,58.26447251
1036,Cheshire County,New Hampshire,1556036,41.66540897
1037,Coos County,New Hampshire,836011,6.892993893
1038,Grafton County,New Hampshire,1602837,20.29512615
1039,Merrimack County,New Hampshire,3860203,61.85570414
1040,Rockingham County,New Hampshire,9236270,169.417981
1041,Strafford County,New Hampshire,3790355,134.7083877
1042,Atlantic County,New Jersey,11731268,186.6445126
1043,Bergen County,New Jersey,37292049,1542.514631
1044,Burlington County,New Jersey,16586832,215.6107178
1045,Cape May County,New Jersey,3566910,143.8511318
1046,Gloucester County,New Jersey,11464778,348.783328
1047,Hudson County,New Jersey,31367213,5589.05695
1048,Hunterdon County,New Jersey,3580754,112.8552591
1049,Monmouth County,New Jersey,27931212,514.1065673
1050,Ocean County,New Jersey,28303942,363.7218004
1051,Passaic County,New Jersey,26107561,1046.233338
1052,Salem County,New Jersey,2298116,73.69160463
1053,Bernalillo County,New Mexico,23264694,225.3235596
1054,Catron County,New Mexico,47324,0.197339545
1055,Chaves County,New Mexico,3810017,4.165683658
1056,Cibola County,New Mexico,1375374,2.294339254
1057,Curry County,New Mexico,2166283,13.79056247
1058,De Baca County,New Mexico,71345,0.342373576
1059,Do√±a Ana County,New Mexico,9829654,21.83262512
1060,Eddy County,New Mexico,2983009,5.309932336
1061,Guadalupe County,New Mexico,266790,0.55842484
1062,Harding County,New Mexico,7197,0.083379305
1063,Hidalgo County,New Mexico,160826,0.490812579
1064,Lea County,New Mexico,3929722,6.165546329
1065,Los Alamos County,New Mexico,221138,64.90186053
1066,Luna County,New Mexico,1290347,3.159397718
1067,McKinley County,New Mexico,4810915,5.160303396
1068,Mora County,New Mexico,84275,0.914618967
1069,Quay County,New Mexico,253661,1.124899084
1070,Rio Arriba County,New Mexico,1487273,2.58946426
1071,Sandoval County,New Mexico,4863830,14.64948722
1072,Santa Fe County,New Mexico,4193750,30.10170894
1073,Socorro County,New Mexico,536511,0.987564721
1074,Taos County,New Mexico,709462,5.76565773
1075,Torrance County,New Mexico,436133,1.79996145
1076,Valencia County,New Mexico,2893652,27.49185961
1077,Albany County,New York,9412905,227.0299683
1078,Broome County,New York,7168451,106.3436213
1079,Cattaraugus County,New York,2258293,22.92557801
1080,Cayuga County,New York,2507086,43.4727628
1081,Chemung County,New York,3107390,81.26735421
1082,Chenango County,New York,1335236,20.89013457
1083,Cortland County,New York,1539127,37.25221569
1084,Dutchess County,New York,10781074,142.6173355
1085,Erie County,New York,32820760,340.609971
1086,Herkimer County,New York,2062789,17.09745413
1087,Niagara County,New York,7433418,156.4831231
1088,Onondaga County,New York,15253603,230.2773622
1089,Ontario County,New York,2860117,65.62805041
1090,Oswego County,New York,3163808,48.32299623
1091,Rensselaer County,New York,4374098,94.3461432
1092,Rockland County,New York,17043745,720.588009
1093,St. Lawrence County,New York,2804233,15.78810561
1094,Saratoga County,New York,6015690,108.3842223
1095,Schenectady County,New York,5057653,292.3099656
1096,Schoharie County,New York,657279,19.47465415
1097,Seneca County,New York,793024,41.28321835
1098,Tioga County,New York,1483381,36.51369922
1099,Tompkins County,New York,1819531,83.75559012
1100,Ulster County,New York,5144560,61.57895417
1101,Westchester County,New York,46664489,868.7630666
1102,Wyoming County,New York,1343490,26.42298174
1103,Yates County,New York,475709,28.55607296
1104,Alamance County,North Carolina,7379983,146.4195117
1105,Alleghany County,North Carolina,443589,18.07442269
1106,Anson County,North Carolina,1058087,18.38460003
1107,Ashe County,North Carolina,915729,24.3309623
1108,Avery County,North Carolina,818723,27.31960936
1109,Beaufort County,North Carolina,1935745,21.92453498
1110,Bertie County,North Carolina,713041,10.84789289
1111,Bladen County,North Carolina,1447568,14.9071817
1112,Brunswick County,North Carolina,4068916,57.67976134
1113,Buncombe County,North Carolina,7460392,149.6625061
1114,Cabarrus County,North Carolina,8958367,215.3137563
1115,Carteret County,North Carolina,2174410,52.42275604
1116,Caswell County,North Carolina,881338,20.64641073
1117,Catawba County,North Carolina,7914513,150.7660738
1118,Chowan County,North Carolina,616202,31.76573696
1119,Columbus County,North Carolina,2716083,23.16860564
1120,Craven County,North Carolina,3842603,56.326586
1121,Currituck County,North Carolina,685995,38.02387756
1122,Dare County,North Carolina,967921,36.00929191
1123,Davidson County,North Carolina,6928114,114.9316993
1124,Davie County,North Carolina,1709606,61.48313306
1125,Duplin County,North Carolina,2679063,27.98934165
1126,Durham County,North Carolina,10091419,413.0661931
1127,Edgecombe County,North Carolina,2206149,40.74050477
1128,Gaston County,North Carolina,10983610,235.0834095
1129,Gates County,North Carolina,297920,13.10727687
1130,Granville County,North Carolina,2324993,42.72888447
1131,Guilford County,North Carolina,18898454,312.9883303
1132,Halifax County,North Carolina,2221475,27.60090416
1133,Harnett County,North Carolina,4861558,84.58897537
1134,Haywood County,North Carolina,1904187,42.15136875
1135,Hertford County,North Carolina,827757,26.40568695
1136,Hoke County,North Carolina,1965828,52.69099177
1137,Hyde County,North Carolina,255355,3.40051688
1138,Iredell County,North Carolina,7800208,116.0105487
1139,Johnston County,North Carolina,8846721,93.28731529
1140,Lenoir County,North Carolina,2531206,55.36507148
1141,McDowell County,North Carolina,2246613,39.58744155
1142,Mecklenburg County,North Carolina,44771586,777.490679
1143,Moore County,North Carolina,3701498,52.92208077
1144,Nash County,North Carolina,4414014,67.15748107
1145,New Hanover County,North Carolina,7782478,450.4417618
1146,Northampton County,North Carolina,741341,14.52336894
1147,Onslow County,North Carolina,7410336,98.26201274
1148,Pamlico County,North Carolina,452163,14.62017189
1149,Pasquotank County,North Carolina,1397354,67.18498084
1150,Pender County,North Carolina,2313646,26.15386784
1151,Perquimans County,North Carolina,419956,21.0264128
1152,Person County,North Carolina,1398784,38.68063514
1153,Pitt County,North Carolina,8148991,104.9774445
1154,Robeson County,North Carolina,6902081,54.3898503
1155,Rutherford County,North Carolina,3075528,45.43057632
1156,Sampson County,North Carolina,3185188,25.95007128
1157,Stanly County,North Carolina,3196668,59.71835464
1158,Stokes County,North Carolina,1702546,39.47323116
1159,Surry County,North Carolina,3395651,52.1554812
1160,Swain County,North Carolina,523431,10.42865887
1161,Transylvania County,North Carolina,992962,34.19200208
1162,Tyrrell County,North Carolina,142026,4.069740194
1163,Vance County,North Carolina,1935950,68.04566958
1164,Wake County,North Carolina,35962519,484.0293229
1165,Watauga County,North Carolina,1874097,66.88043417
1166,Yadkin County,North Carolina,1675616,43.41806243
1167,Yancey County,North Carolina,725728,21.82161709
1168,Barnes County,North Dakota,558859,2.80499578
1169,Benson County,North Dakota,420038,1.914602497
1170,Billings County,North Dakota,24313,0.317931699
1171,Bottineau County,North Dakota,293362,1.524809163
1172,Bowman County,North Dakota,166182,1.061706473
1173,Burleigh County,North Dakota,6416999,22.1694151
1174,Cavalier County,North Dakota,168803,0.991599941
1175,Dickey County,North Dakota,311158,1.695959278
1176,Divide County,North Dakota,76081,0.725505176
1177,Dunn County,North Dakota,179448,0.843341809
1178,Emmons County,North Dakota,170206,0.857256796
1179,Foster County,North Dakota,221497,1.999015167
1180,Grand Forks County,North Dakota,4101238,18.92762217
1181,Griggs County,North Dakota,124958,1.234321195
1182,Hettinger County,North Dakota,136281,0.878449452
1183,Kidder County,North Dakota,108658,0.70295402
1184,LaMoure County,North Dakota,209301,1.381413591
1185,McKenzie County,North Dakota,595831,1.753380816
1186,Mountrail County,North Dakota,556777,2.147448976
1187,Oliver County,North Dakota,63220,0.981672527
1188,Pembina County,North Dakota,341729,2.421474483
1189,Ransom County,North Dakota,272569,2.40027493
1190,Rolette County,North Dakota,878699,6.243389729
1191,Sargent County,North Dakota,191287,1.746330823
1192,Slope County,North Dakota,13239,0.223737517
1193,Stutsman County,North Dakota,1377795,3.660565624
1194,Towner County,North Dakota,125522,0.846399517
1195,Traill County,North Dakota,416605,3.592037206
1196,Walsh County,North Dakota,727292,3.254098253
1197,Ward County,North Dakota,3935010,13.24099277
1198,Williams County,North Dakota,1988468,6.328861656
1199,Ashland County,Ohio,1860501,48.81671864
1200,Ashtabula County,Ohio,2853924,53.96951051
1201,Athens County,Ohio,2127841,50.54941896
1202,Auglaize County,Ohio,2013878,44.03976778
1203,Belmont County,Ohio,2488411,49.68223263
1204,Clermont County,Ohio,8147553,173.5467612
1205,Columbiana County,Ohio,3849167,75.49120655
1206,Coshocton County,Ohio,1202249,25.04020235
1207,Cuyahoga County,Ohio,44671793,1058.845542
1208,Darke County,Ohio,2205063,33.39676244
1209,Defiance County,Ohio,1764145,35.92080315
1210,Gallia County,Ohio,1074243,24.98947146
1211,Geauga County,Ohio,2725975,90.62809664
1212,Guernsey County,Ohio,1471841,29.03526107
1213,Highland County,Ohio,1575311,30.0227579
1214,Hocking County,Ohio,943608,26.11268645
1215,Licking County,Ohio,6781373,97.47807618
1216,Lorain County,Ohio,10345797,241.0812951
1217,Mahoning County,Ohio,8935169,216.7995986
1218,Medina County,Ohio,6355667,162.4115331
1219,Meigs County,Ohio,662109,20.79073257
1220,Morrow County,Ohio,1229995,33.25090811
1221,Muskingum County,Ohio,3874763,50.01043464
1222,Pickaway County,Ohio,3415916,44.23060638
1223,Portage County,Ohio,5254622,128.8401928
1224,Preble County,Ohio,1598459,37.50382619
1225,Ross County,Ohio,2894307,43.16614992
1226,Sandusky County,Ohio,2237887,56.05385903
1227,Scioto County,Ohio,2932342,48.32494083
1228,Trumbull County,Ohio,6664825,126.0650673
1229,Tuscarawas County,Ohio,3589861,62.95821055
1230,Van Wert County,Ohio,1055043,26.68768789
1231,Vinton County,Ohio,399283,12.27625098
1232,Wood County,Ohio,5212066,81.28457967
1233,Wyandot County,Ohio,947870,20.97888479
1234,Alfalfa County,Oklahoma,437432,2.609946132
1235,Atoka County,Oklahoma,773873,5.491211135
1236,Beaver County,Oklahoma,178534,1.152122952
1237,Beckham County,Oklahoma,1109298,9.684911042
1238,Canadian County,Oklahoma,6813891,58.86855908
1239,Cimarron County,Oklahoma,88720,0.460637106
1240,Coal County,Oklahoma,293428,4.198174431
1241,Cotton County,Oklahoma,277360,3.618406191
1242,Craig County,Oklahoma,851569,7.349775298
1243,Creek County,Oklahoma,2987370,28.91594453
1244,Dewey County,Oklahoma,214620,1.899829565
1245,Garvin County,Oklahoma,1432678,13.39361015
1246,Greer County,Oklahoma,225092,3.589108409
1247,Harmon County,Oklahoma,119006,1.955687754
1248,Hughes County,Oklahoma,497522,6.458634327
1249,Kay County,Oklahoma,2144919,18.84251977
1250,Kingfisher County,Oklahoma,801142,6.714645735
1251,Latimer County,Oklahoma,380007,5.612008676
1252,Le Flore County,Oklahoma,2305319,12.12495101
1253,Love County,Oklahoma,596143,7.461461164
1254,McClain County,Oklahoma,2162154,26.13700699
1255,McCurtain County,Oklahoma,1624597,6.877753343
1256,Major County,Oklahoma,384569,3.120390997
1257,Mayes County,Oklahoma,1820246,24.14234951
1258,Muskogee County,Oklahoma,3855746,32.91482009
1259,Nowata County,Oklahoma,489213,7.085638349
1260,Okfuskee County,Oklahoma,712429,7.562013175
1261,Oklahoma County,Oklahoma,34818605,425.9895277
1262,Okmulgee County,Oklahoma,1628259,21.53175106
1263,Payne County,Oklahoma,3509626,45.96384754
1264,Pittsburg County,Oklahoma,1917055,13.12639847
1265,Pushmataha County,Oklahoma,459997,3.075614374
1266,Roger Mills County,Oklahoma,157027,1.254602985
1267,Rogers County,Oklahoma,4424915,51.89825915
1268,Sequoyah County,Oklahoma,1794121,23.7180228
1269,Tillman County,Oklahoma,308609,3.330782233
1270,Tulsa County,Oklahoma,30778248,435.1573978
1271,Wagoner County,Oklahoma,3453779,53.52482117
1272,Washita County,Oklahoma,443281,4.399986391
1273,Woods County,Oklahoma,490627,2.739277816
1274,Woodward County,Oklahoma,1216505,6.515945639
1275,Clackamas County,Oregon,7676251,83.75337597
1276,Clatsop County,Oregon,533585,17.97862428
1277,Crook County,Oregon,605019,2.895155114
1278,Deschutes County,Oregon,4504619,23.11291108
1279,Gilliam County,Oregon,36079,0.611176039
1280,Harney County,Oregon,213322,0.275372597
1281,Hood River County,Oregon,515778,17.1061539
1282,Josephine County,Oregon,1947075,20.14121644
1283,Klamath County,Oregon,1911156,4.308182939
1284,Malheur County,Oregon,1516284,1.188290765
1285,Multnomah County,Oregon,15755885,715.2753775
1286,Tillamook County,Oregon,394200,9.133056771
1287,Umatilla County,Oregon,3748472,9.233697886
1288,Wallowa County,Oregon,124318,0.849796257
1289,Wasco County,Oregon,681537,4.194184323
1290,Yamhill County,Oregon,2126247,55.99273285
1291,Allegheny County,Pennsylvania,38526843,648.1038604
1292,Armstrong County,Pennsylvania,2429111,39.20909708
1293,Bedford County,Pennsylvania,1871311,18.54071919
1294,Berks County,Pennsylvania,17611297,187.8468263
1295,Blair County,Pennsylvania,5135820,90.93865631
1296,Bucks County,Pennsylvania,22101100,400.1185087
1297,Cambria County,Pennsylvania,5647189,75.46916128
1298,Centre County,Pennsylvania,6213716,56.1632729
1299,Chester County,Pennsylvania,15089577,266.0474171
1300,Clarion County,Pennsylvania,1319620,24.95053504
1301,Clearfield County,Pennsylvania,3237826,27.05690534
1302,Dauphin County,Pennsylvania,9953603,201.9232145
1303,Forest County,Pennsylvania,522806,6.642726411
1304,Huntingdon County,Pennsylvania,1981974,20.05043477
1305,Indiana County,Pennsylvania,2548235,40.01371619
1306,Juniata County,Pennsylvania,843880,24.23260901
1307,Lackawanna County,Pennsylvania,6816300,177.9591753
1308,Lebanon County,Pennsylvania,6108262,147.9865105
1309,Lehigh County,Pennsylvania,14720905,405.5747841
1310,Luzerne County,Pennsylvania,12049376,137.8517954
1311,Lycoming County,Pennsylvania,4636408,36.09134841
1312,McKean County,Pennsylvania,1446743,16.48457402
1313,Mifflin County,Pennsylvania,2102270,43.54865793
1314,Montour County,Pennsylvania,767989,54.23236423
1315,Northumberland County,Pennsylvania,3731652,77.83131226
1316,Philadelphia County,Pennsylvania,56042344,4531.771822
1317,Potter County,Pennsylvania,494103,6.047605239
1318,Schuylkill County,Pennsylvania,5693420,71.18503147
1319,Snyder County,Pennsylvania,1400956,47.52070799
1320,Susquehanna County,Pennsylvania,1020675,19.38256646
1321,Venango County,Pennsylvania,1710840,29.99105013
1322,Westmoreland County,Pennsylvania,13139506,133.2342207
1323,Newport County,Rhode Island,2555370,313.1220486
1324,Providence County,Rhode Island,36187938,598.297855
1325,Abbeville County,South Carolina,1037711,19.37240492
1326,Aiken County,South Carolina,7230122,60.19984103
1327,Allendale County,South Carolina,377535,8.717537594
1328,Bamberg County,South Carolina,622264,14.33037251
1329,Barnwell County,South Carolina,1064916,15.19191492
1330,Berkeley County,South Carolina,7758695,73.14238371
1331,Charleston County,South Carolina,17843693,166.0251337
1332,Chesterfield County,South Carolina,1966724,22.24152394
1333,Clarendon County,South Carolina,1393319,21.63904402
1334,Colleton County,South Carolina,1519664,13.72963373
1335,Darlington County,South Carolina,3401413,46.31614806
1336,Dillon County,South Carolina,1774544,29.42579422
1337,Edgefield County,South Carolina,1242158,20.63974653
1338,Florence County,South Carolina,7375347,66.83074177
1339,Georgetown County,South Carolina,2729889,29.22503388
1340,Greenville County,South Carolina,29482598,245.1195013
1341,Hampton County,South Carolina,815477,13.65691346
1342,Horry County,South Carolina,16476489,109.2951844
1343,Kershaw County,South Carolina,3163574,34.20633477
1344,Lexington County,South Carolina,14217897,158.1527621
1345,McCormick County,South Carolina,395623,10.32747646
1346,Marlboro County,South Carolina,1357841,21.82936278
1347,Newberry County,South Carolina,2049739,23.32888419
1348,Orangeburg County,South Carolina,3982717,30.86966264
1349,Saluda County,South Carolina,714519,17.30521151
1350,Spartanburg County,South Carolina,16725723,144.4493659
1351,Williamsburg County,South Carolina,1621755,13.1408535
1352,Aurora County,South Dakota,179669,1.503621827
1353,Beadle County,South Dakota,1100382,5.636125726
1354,Bennett County,South Dakota,151905,1.12019789
1355,Bon Homme County,South Dakota,576031,4.77464071
1356,Brookings County,South Dakota,1586555,16.68723249
1357,Brule County,South Dakota,276471,2.483176222
1358,Charles Mix County,South Dakota,543415,3.287268901
1359,Codington County,South Dakota,1739610,15.71901255
1360,Corson County,South Dakota,199004,0.651608542
1361,Davison County,South Dakota,1227223,17.63827458
1362,Day County,South Dakota,265449,2.066980814
1363,Edmunds County,South Dakota,195040,1.351037913
1364,Fall River County,South Dakota,262472,1.503231393
1365,Faulk County,South Dakota,138324,0.913249342
1366,Gregory County,South Dakota,224837,1.598123783
1367,Haakon County,South Dakota,102701,0.44399115
1368,Hamlin County,South Dakota,309081,4.567135659
1369,Hand County,South Dakota,134202,0.887149679
1370,Hanson County,South Dakota,145707,3.018014667
1371,Hutchinson County,South Dakota,343402,3.47391294
1372,Jerauld County,South Dakota,104000,1.488980595
1373,Kingsbury County,South Dakota,293610,2.304355281
1374,Lyman County,South Dakota,245823,0.909680872
1375,McCook County,South Dakota,304589,3.705658954
1376,Mellette County,South Dakota,100826,0.606918477
1377,Miner County,South Dakota,113128,1.509411897
1378,Minnehaha County,South Dakota,11947310,89.3667699
1379,Moody County,South Dakota,254309,4.836466846
1380,Oglala Lakota County,South Dakota,803729,2.643662271
1381,Roberts County,South Dakota,507342,3.606617053
1382,Sanborn County,South Dakota,129879,1.619700788
1383,Spink County,South Dakota,324806,1.68022014
1384,Stanley County,South Dakota,136701,0.801109688
1385,Sully County,South Dakota,54434,0.51046981
1386,Tripp County,South Dakota,283375,1.309309422
1387,Walworth County,South Dakota,292193,3.002112486
1388,Yankton County,South Dakota,1176445,16.82898322
1389,Ziebach County,South Dakota,133985,0.553981829
1390,Bledsoe County,Tennessee,931053,13.87184444
1391,Cannon County,Tennessee,788640,20.314177
1392,Cheatham County,Tennessee,1895057,50.96936621
1393,Cocke County,Tennessee,1935837,31.30451466
1394,Crockett County,Tennessee,901878,21.08128157
1395,Dickson County,Tennessee,2867173,40.97315977
1396,Dyer County,Tennessee,2283571,28.31771478
1397,Fentress County,Tennessee,1021703,13.93374432
1398,Giles County,Tennessee,1663262,18.43323706
1399,Grainger County,Tennessee,1141996,31.66712655
1400,Hamblen County,Tennessee,3610461,152.6789637
1401,Hardeman County,Tennessee,1462789,14.78043343
1402,Hawkins County,Tennessee,2649154,44.71150082
1403,Loudon County,Tennessee,2548177,86.91306118
1404,McMinn County,Tennessee,2791551,47.37264734
1405,McNairy County,Tennessee,1236858,17.76912339
1406,Maury County,Tennessee,5509745,56.53325273
1407,Obion County,Tennessee,1894567,21.62768778
1408,Overton County,Tennessee,1290581,19.59880477
1409,Pickett County,Tennessee,312693,12.05364058
1410,Rhea County,Tennessee,1879399,39.94427257
1411,Roane County,Tennessee,2693959,56.61751473
1412,Sequatchie County,Tennessee,763623,21.39275549
1413,Trousdale County,Tennessee,983328,32.32553571
1414,Unicoi County,Tennessee,852967,36.8953964
1415,Weakley County,Tennessee,1728049,22.37098228
1416,Andrews County,Texas,771366,4.584174535
1417,Angelina County,Texas,3666681,42.39912091
1418,Aransas County,Texas,612200,37.93324765
1419,Archer County,Texas,340609,3.756773403
1420,Atascosa County,Texas,2375194,15.45876401
1421,Austin County,Texas,917947,17.65700997
1422,Bailey County,Texas,322484,3.311160591
1423,Bandera County,Texas,604413,10.62300586
1424,Bastrop County,Texas,3873922,35.89726414
1425,Baylor County,Texas,138374,1.598298298
1426,Bee County,Texas,1492869,14.33935601
1427,Bexar County,Texas,90101044,599.5581109
1428,Blanco County,Texas,321739,6.14007402
1429,Borden County,Texas,11610,0.286099512
1430,Bosque County,Texas,681922,7.118088885
1431,Bowie County,Texas,3222267,40.94769801
1432,Brazoria County,Texas,15931213,100.3298284
1433,Brazos County,Texas,10594058,144.5413721
1434,Brewster County,Texas,355124,0.575429251
1435,Briscoe County,Texas,65358,0.663237203
1436,Burleson County,Texas,934904,10.46523905
1437,Burnet County,Texas,1973143,17.76606423
1438,Callahan County,Texas,501264,5.911486775
1439,Camp County,Texas,545848,25.26018797
1440,Carson County,Texas,217723,2.530841245
1441,Castro County,Texas,399343,3.361391124
1442,Childress County,Texas,525212,4.005643982
1443,Cochran County,Texas,126380,1.446608613
1444,Coke County,Texas,193669,1.387051036
1445,Coleman County,Texas,311325,2.565322929
1446,Collin County,Texas,36761406,433.4078589
1447,Collingsworth County,Texas,122233,1.259485062
1448,Colorado County,Texas,712246,8.452333459
1449,Comal County,Texas,4874967,93.22629951
1450,Concho County,Texas,185051,1.661359051
1451,Cooke County,Texas,1490230,17.46488577
1452,Coryell County,Texas,2961240,27.66384138
1453,Cottle County,Texas,73738,0.695835228
1454,Crane County,Texas,236666,2.379852022
1455,Crosby County,Texas,274538,2.513828595
1456,Culberson County,Texas,133399,0.226972575
1457,Dallam County,Texas,361274,1.86047344
1458,Deaf Smith County,Texas,1098921,4.874959015
1459,Denton County,Texas,30022853,354.6578718
1460,DeWitt County,Texas,818069,8.680091237
1461,Dickens County,Texas,72904,0.94885164
1462,Dimmit County,Texas,961474,3.098092379
1463,Donley County,Texas,164875,1.41085255
1464,Eastland County,Texas,573475,7.613648639
1465,Ector County,Texas,7185334,68.09470609
1466,Erath County,Texas,1755783,14.78639166
1467,Falls County,Texas,794346,8.72565312
1468,Fisher County,Texas,123599,1.667760396
1469,Foard County,Texas,50758,0.771769618
1470,Fort Bend County,Texas,27644850,331.3226402
1471,Freestone County,Texas,770589,8.669729906
1472,Frio County,Texas,1150497,6.606140452
1473,Gaines County,Texas,605447,5.222423619
1474,Galveston County,Texas,17024264,333.2739017
1475,Garza County,Texas,197668,2.717453742
1476,Gillespie County,Texas,1029900,9.562453834
1477,Glasscock County,Texas,43568,0.613325116
1478,Goliad County,Texas,189049,3.412790481
1479,Gonzales County,Texas,1066015,7.48071221
1480,Gregg County,Texas,4963238,174.4136949
1481,Grimes County,Texas,1478530,13.54723861
1482,Hansford County,Texas,347749,2.328425389
1483,Hartley County,Texas,248202,1.523068328
1484,Hays County,Texas,8837128,116.2599464
1485,Hemphill County,Texas,220617,1.730094947
1486,Hockley County,Texas,1179459,9.844759073
1487,Hood County,Texas,2718186,52.22105783
1488,Hudspeth County,Texas,198260,0.346184877
1489,Hunt County,Texas,2708816,42.3401085
1490,Irion County,Texas,51846,0.559576955
1491,Jack County,Texas,256315,3.747684856
1492,Jim Hogg County,Texas,255264,1.79496563
1493,Jim Wells County,Texas,1891621,18.38288464
1494,Karnes County,Texas,1000400,7.947796386
1495,Kaufman County,Texas,6626735,58.80985742
1496,Kenedy County,Texas,16277,0.157516767
1497,Kerr County,Texas,1850936,17.97486233
1498,Kimble County,Texas,119696,1.360478719
1499,King County,Texas,4962,0.096645027
1500,Kinney County,Texas,142112,1.043285525
1501,Kleberg County,Texas,1150502,13.76736154
1502,Lamb County,Texas,904702,5.038949878
1503,Lampasas County,Texas,921333,11.17941385
1504,La Salle County,Texas,390937,1.924142838
1505,Lavaca County,Texas,963872,7.939765127
1506,Lipscomb County,Texas,127908,1.436825191
1507,Live Oak County,Texas,482914,4.502010534
1508,Llano County,Texas,696469,8.531804258
1509,Loving County,Texas,1643,0.058883634
1510,Lubbock County,Texas,19924355,129.959318
1511,Lynn County,Texas,251755,2.514367513
1512,McCulloch County,Texas,248760,2.934171152
1513,McLennan County,Texas,11513190,92.48574837
1514,McMullen County,Texas,33919,0.224249738
1515,Matagorda County,Texas,1637290,12.98070098
1516,Maverick County,Texas,4056941,17.49341839
1517,Milam County,Texas,1044226,9.364422736
1518,Montague County,Texas,865281,8.050071102
1519,Motley County,Texas,44988,0.451040297
1520,Nacogdoches County,Texas,2032076,26.74120542
1521,Navarro County,Texas,2448364,18.57904398
1522,Nolan County,Texas,667031,6.335990177
1523,Nueces County,Texas,16867599,166.0286344
1524,Ochiltree County,Texas,456414,4.353767497
1525,Palo Pinto County,Texas,1257626,11.47789183
1526,Parker County,Texas,6611106,55.47078511
1527,Parmer County,Texas,492317,4.318567289
1528,Pecos County,Texas,660685,1.280324847
1529,Presidio County,Texas,301707,0.713365951
1530,Rains County,Texas,372357,19.30569599
1531,Randall County,Texas,7028599,56.08887126
1532,Reagan County,Texas,163258,1.23256881
1533,Real County,Texas,139021,1.871535184
1534,Reeves County,Texas,899353,2.215943729
1535,Refugio County,Texas,305312,3.626076071
1536,Rockwall County,Texas,4812897,284.441672
1537,Runnels County,Texas,514639,3.787295325
1538,Rusk County,Texas,1948014,22.3942854
1539,San Augustine County,Texas,243824,6.058665011
1540,San Jacinto County,Texas,643249,18.86888102
1541,San Patricio County,Texas,1882782,37.33092318
1542,San Saba County,Texas,300616,2.027582768
1543,Schleicher County,Texas,100574,0.901740597
1544,Scurry County,Texas,1004579,7.351102282
1545,Shackelford County,Texas,118627,1.398232697
1546,Somervell County,Texas,434792,18.10375235
1547,Starr County,Texas,3641511,20.16843813
1548,Sterling County,Texas,47140,0.47706198
1549,Stonewall County,Texas,63664,0.583590686
1550,Sutton County,Texas,189363,1.026376474
1551,Swisher County,Texas,371221,3.246146702
1552,Tarrant County,Texas,104283045,903.0520092
1553,Terry County,Texas,666729,5.47981911
1554,Throckmorton County,Texas,32377,0.662999944
1555,Titus County,Texas,1607726,31.1215268
1556,Tom Green County,Texas,7102008,29.7988409
1557,Travis County,Texas,33997053,468.3628628
1558,Tyler County,Texas,611901,8.978519268
1559,Upshur County,Texas,1494267,27.00094529
1560,Upton County,Texas,161412,1.130322867
1561,Uvalde County,Texas,1623845,6.71956645
1562,Val Verde County,Texas,3156703,6.019376385
1563,Van Zandt County,Texas,1975847,24.91390478
1564,Victoria County,Texas,3669190,40.25570864
1565,Waller County,Texas,1718607,37.59734277
1566,Webb County,Texas,17521814,31.24823864
1567,Wharton County,Texas,1711934,14.77044695
1568,Wilbarger County,Texas,737246,5.132144777
1569,Willacy County,Texas,1262043,14.22180693
1570,Winkler County,Texas,327896,3.580745035
1571,Wise County,Texas,3094525,27.59556666
1572,Yoakum County,Texas,360448,4.13807592
1573,Young County,Texas,859633,7.647754706
1574,Zapata County,Texas,685106,5.556723827
1575,Zavala County,Texas,739357,3.61012777
1576,Box Elder County,Utah,2338860,3.561651789
1577,Cache County,Utah,6473315,40.55374337
1578,Daggett County,Utah,23393,0.339023252
1579,Duchesne County,Utah,659154,2.41291168
1580,Emery County,Utah,396946,0.88671668
1581,Juab County,Utah,543233,1.246299196
1582,Millard County,Utah,611564,0.744322167
1583,Piute County,Utah,45256,0.96927941
1584,Rich County,Utah,63578,0.881900083
1585,Salt Lake County,Utah,59486382,583.1622532
1586,Sanpete County,Utah,1548660,7.131302246
1587,Tooele County,Utah,3181498,3.625506481
1588,Uintah County,Utah,1234817,3.128779417
1589,Utah County,Utah,38341731,113.7790082
1590,Wasatch County,Utah,1850159,10.01257034
1591,Weber County,Utah,12144673,165.9814234
1592,Addison County,Vermont,424893,18.61112733
1593,Bennington County,Vermont,846647,20.54645979
1594,Caledonia County,Vermont,442547,18.09986548
1595,Chittenden County,Vermont,2988968,116.6051304
1596,Grand Isle County,Vermont,87741,32.87212693
1597,Lamoille County,Vermont,346051,21.26097217
1598,Rutland County,Vermont,977216,24.61284762
1599,Windsor County,Vermont,680448,22.07196335
1600,Accomack County,Virginia,1147639,28.13596811
1601,Albemarle County,Virginia,2256643,56.99600947
1602,Amelia County,Virginia,376845,13.96955997
1603,Amherst County,Virginia,1200648,25.97196021
1604,Appomattox County,Virginia,651556,17.99514229
1605,Arlington County,Virginia,5768530,3442.635855
1606,Augusta County,Virginia,2576047,29.82422931
1607,Bland County,Virginia,288350,6.95986351
1608,Botetourt County,Virginia,1048222,23.69783168
1609,Buckingham County,Virginia,819123,11.32682197
1610,Charles City County,Virginia,194868,14.77315106
1611,Culpeper County,Virginia,1860777,51.37008084
1612,Dickenson County,Virginia,430343,17.47948146
1613,Dinwiddie County,Virginia,861230,21.69042745
1614,Fairfax County,Virginia,28644724,1129.205805
1615,Fauquier County,Virginia,1917618,41.18090441
1616,Fluvanna County,Virginia,726002,35.34282556
1617,Goochland County,Virginia,570327,30.931579
1618,Greensville County,Virginia,592531,15.2478069
1619,Hanover County,Virginia,3255871,86.19196373
1620,Henrico County,Virginia,9903115,538.0908406
1621,Isle of Wight County,Virginia,1236438,44.48767262
1622,James City County,Virginia,1882879,201.1067399
1623,King and Queen County,Virginia,163882,8.639625114
1624,King George County,Virginia,696644,55.66270872
1625,King William County,Virginia,500293,23.25252503
1626,Loudoun County,Virginia,10403881,288.317756
1627,Lunenburg County,Virginia,307348,10.98115119
1628,Mathews County,Virginia,243771,39.5327671
1629,New Kent County,Virginia,625143,38.79298696
1630,Nottoway County,Virginia,759940,19.03555833
1631,Patrick County,Virginia,567372,14.27753533
1632,Pittsylvania County,Virginia,2228833,24.57499339
1633,Powhatan County,Virginia,767613,42.39988143
1634,Prince Edward County,Virginia,839910,25.32667924
1635,Prince George County,Virginia,1403228,55.13934016
1636,Prince William County,Virginia,16986241,525.2628815
1637,Rappahannock County,Virginia,149374,10.62761296
1638,Roanoke County,Virginia,3336324,144.2166524
1639,Rockbridge County,Virginia,599213,14.56857294
1640,Shenandoah County,Virginia,1744379,32.71150971
1641,Smyth County,Virginia,1245072,26.56904103
1642,Southampton County,Virginia,747972,11.55962629
1643,Spotsylvania County,Virginia,4062196,126.3714018
1644,Wythe County,Virginia,1127893,24.18978897
1645,Asotin County,Washington,679808,13.55857989
1646,Chelan County,Washington,3011230,10.0131002
1647,Clallam County,Washington,881202,16.54104323
1648,Cowlitz County,Washington,2965556,35.58128382
1649,Ferry County,Washington,168374,1.327641282
1650,Grays Harbor County,Washington,1993888,14.61430512
1651,Island County,Washington,883396,151.16567
1652,Kitsap County,Washington,3830278,256.478252
1653,Kittitas County,Washington,1280469,7.533642585
1654,Klickitat County,Washington,425198,4.413807036
1655,Okanogan County,Washington,1211117,3.05278394
1656,Pacific County,Washington,431131,8.808827018
1657,Pend Oreille County,Washington,358165,3.644973251
1658,Skagit County,Washington,2650899,27.65011534
1659,Skamania County,Washington,170101,2.705541935
1660,Snohomish County,Washington,16755032,145.5609686
1661,Spokane County,Washington,19027856,108.9811133
1662,Wahkiakum County,Washington,62599,6.151638319
1663,Walla Walla County,Washington,2332586,18.31232697
1664,Whatcom County,Washington,4021577,39.71331035
1665,Whitman County,Washington,1667334,8.689018867
1666,Yakima County,Washington,12657110,22.41575481
1667,Braxton County,West Virginia,475548,10.79518704
1668,Brooke County,West Virginia,890156,98.56552662
1669,Cabell County,West Virginia,3826523,130.9605756
1670,Doddridge County,West Virginia,285114,10.30820666
1671,Greenbrier County,West Virginia,1228975,13.38240761
1672,Hardy County,West Virginia,643082,9.177860175
1673,Kanawha County,West Virginia,6331976,79.52584488
1674,Mingo County,West Virginia,1143418,22.57541655
1675,Monongalia County,West Virginia,3698447,112.8548858
1676,Pleasants County,West Virginia,380600,22.27546376
1677,Preston County,West Virginia,1289116,20.13604234
1678,Raleigh County,West Virginia,2836448,48.62138983
1679,Ritchie County,West Virginia,336856,8.484183822
1680,Summers County,West Virginia,360599,13.93929225
1681,Tucker County,West Virginia,258095,6.474592811
1682,Wetzel County,West Virginia,609800,16.83651403
1683,Wirt County,West Virginia,197903,9.626352729
1684,Barron County,Wisconsin,2446689,20.24490268
1685,Bayfield County,Wisconsin,510081,3.916718463
1686,Burnett County,Wisconsin,636770,7.170697467
1687,Calumet County,Wisconsin,2578318,60.42036361
1688,Dane County,Wisconsin,17998243,170.9771651
1689,Door County,Wisconsin,1133608,21.9814925
1690,Eau Claire County,Wisconsin,4871011,62.33524773
1691,Fond du Lac County,Wisconsin,5508523,54.89984741
1692,Green Lake County,Wisconsin,860058,20.71875952
1693,Juneau County,Wisconsin,1318006,13.29845005
1694,Kenosha County,Wisconsin,7358085,239.067524
1695,Kewaunee County,Wisconsin,1089429,22.95502266
1696,La Crosse County,Wisconsin,5391076,100.7198938
1697,Langlade County,Wisconsin,910357,8.49807714
1698,Manitowoc County,Wisconsin,3576863,52.02609895
1699,Marathon County,Wisconsin,6538743,33.79720586
1700,Marinette County,Wisconsin,1952007,11.18398201
1701,Milwaukee County,Wisconsin,46156380,1525.658962
1702,Oconto County,Wisconsin,2074176,14.53706619
1703,Outagamie County,Wisconsin,9378915,111.8825436
1704,Ozaukee County,Wisconsin,3715515,146.2840382
1705,Pepin County,Wisconsin,354951,12.08531652
1706,Price County,Wisconsin,549169,4.153340903
1707,Racine County,Wisconsin,9858781,226.8381087
1708,Sauk County,Wisconsin,2498013,29.52890454
1709,Sawyer County,Wisconsin,739650,5.025763379
1710,Shawano County,Wisconsin,2142813,17.72640377
1711,Sheboygan County,Wisconsin,5785226,86.95694423
1712,Trempealeau County,Wisconsin,1486836,15.50614807
1713,Vilas County,Wisconsin,943254,9.720213475
1714,Washburn County,Wisconsin,648063,7.599367804
1715,Waukesha County,Wisconsin,19331490,280.1570664
1716,Waupaca County,Wisconsin,2453279,26.56527306
1717,Waushara County,Wisconsin,1051142,14.87042915
1718,Converse County,Wyoming,504392,1.270110157
1719,Goshen County,Wyoming,569603,2.331241154
1720,Hot Springs County,Wyoming,191949,0.901482712
1721,Laramie County,Wyoming,4252178,14.04356168
1722,Natrona County,Wyoming,3693641,5.827834773
1723,Niobrara County,Wyoming,86155,0.35992692
1724,Sublette County,Wyoming,344667,0.786271794
1725,Sweetwater County,Wyoming,1941247,1.633614807
1726,Uinta County,Wyoming,993995,3.822404961
1727,Washakie County,Wyoming,415974,1.402001631
1728,Weston County,Wyoming,285924,1.143169204
